시발역,종착역,열차번호,검단호수공원,신검단중앙,아라,계양,귤현,박촌,임학,계산,경인교대입구,작전,갈산,부평구청,부평시장,부평,동수,부평삼거리,간석오거리,인천시청,예술회관,인천터미널,문학경기장,선학,신연수,원인재,동춘,동막,캠퍼스타운,테크노파크,지식정보단지,인천대입구,센트럴파크,국제업무지구,송도달빛축제공원
예술회관,송도달빛축제공원,1001,,,,,,,,,,,,,,,,,,,05:32:00,05:33:30,05:35:00,05:36:30,05:38:30,05:40:00,05:42:00,05:44:00,05:46:30,05:48:00,05:50:30,05:52:00,05:53:30,05:55:30,05:57:00
작전,송도달빛축제공원,1003,,,,,,,,,,05:30:00,05:32:00,05:34:00,05:36:00,05:37:30,05:39:30,05:41:30,05:43:30,05:46:30,05:48:30,05:50:00,05:51:30,05:53:00,05:55:00,05:56:30,05:58:30,06:00:30,06:03:00,06:04:30,06:07:00,06:08:30,06:10:00,06:12:00,06:13:30
박촌,송도달빛축제공원,1005,,,,,,05:30:00,05:32:00,05:34:00,05:36:00,05:37:30,05:39:30,05:41:30,05:43:30,05:45:00,05:47:00,05:49:00,05:51:00,05:54:00,05:56:00,05:57:30,05:59:00,06:00:30,06:02:30,06:04:00,06:06:00,06:08:00,06:10:30,06:12:00,06:14:30,06:16:00,06:17:30,06:19:30,06:21:00
박촌,송도달빛축제공원,1007,,,,,,05:37:00,05:39:00,05:41:00,05:43:00,05:44:30,05:46:30,05:48:30,05:50:30,05:52:00,05:54:00,05:56:00,05:58:00,06:01:00,06:03:00,06:04:30,06:06:00,06:07:30,06:09:30,06:11:00,06:13:00,06:15:00,06:17:30,06:19:00,06:21:30,06:23:00,06:24:30,06:26:30,06:28:00
검단호수공원,송도달빛축제공원,1009,05:30:00,05:32:00,05:34:30,05:39:00,05:41:00,05:44:00,05:46:00,05:48:00,05:50:00,05:51:30,05:53:30,05:55:30,05:57:30,05:59:00,06:01:00,06:03:00,06:05:00,06:08:00,06:10:00,06:11:30,06:13:00,06:14:30,06:16:30,06:18:00,06:20:00,06:22:00,06:24:30,06:26:00,06:28:30,06:30:00,06:31:30,06:33:30,06:35:00
박촌,송도달빛축제공원,1011,,,,,,05:50:00,05:52:00,05:54:00,05:56:00,05:57:30,05:59:30,06:01:30,06:03:30,06:05:00,06:07:00,06:09:00,06:11:00,06:14:00,06:16:00,06:17:30,06:19:00,06:20:30,06:22:30,06:24:00,06:26:00,06:28:00,06:30:30,06:32:00,06:34:30,06:36:00,06:37:30,06:39:30,06:41:00
검단호수공원,송도달빛축제공원,1013,05:42:00,05:44:00,05:46:30,05:51:00,05:53:00,05:56:00,05:58:00,06:00:00,06:02:00,06:03:30,06:05:30,06:07:30,06:09:30,06:11:00,06:13:00,06:15:00,06:17:00,06:20:00,06:22:00,06:23:30,06:25:00,06:26:30,06:28:30,06:30:00,06:32:00,06:34:00,06:36:30,06:38:00,06:40:30,06:42:00,06:43:30,06:45:30,06:47:00
박촌,송도달빛축제공원,1015,,,,,,06:02:00,06:04:00,06:06:00,06:08:00,06:09:30,06:11:30,06:13:30,06:15:30,06:17:00,06:19:00,06:21:00,06:23:00,06:26:00,06:28:00,06:29:30,06:31:00,06:32:30,06:34:30,06:36:00,06:38:00,06:40:00,06:42:30,06:44:00,06:46:30,06:48:00,06:49:30,06:51:30,06:53:00
검단호수공원,송도달빛축제공원,1017,05:54:00,05:56:00,05:58:30,06:03:00,06:05:00,06:08:00,06:10:00,06:12:00,06:14:00,06:15:30,06:17:30,06:19:30,06:21:30,06:23:00,06:25:00,06:27:00,06:29:00,06:32:00,06:34:00,06:35:30,06:37:00,06:38:30,06:40:30,06:42:00,06:44:00,06:46:00,06:48:30,06:50:00,06:52:30,06:54:00,06:55:30,06:57:30,06:59:00
박촌,송도달빛축제공원,1019,,,,,,06:13:00,06:15:00,06:17:00,06:19:00,06:20:30,06:22:30,06:24:30,06:26:30,06:28:00,06:30:00,06:32:00,06:34:00,06:37:00,06:39:00,06:40:30,06:42:00,06:43:30,06:45:30,06:47:00,06:49:00,06:51:00,06:53:30,06:55:00,06:57:30,06:59:00,07:00:30,07:02:30,07:04:00
검단호수공원,송도달빛축제공원,1021,06:04:00,06:06:00,06:08:30,06:13:00,06:15:00,06:18:00,06:20:00,06:22:00,06:24:00,06:25:30,06:27:30,06:29:30,06:31:30,06:33:00,06:35:00,06:37:00,06:39:00,06:42:00,06:44:00,06:45:30,06:47:00,06:48:30,06:50:30,06:52:00,06:54:00,06:56:00,06:58:30,07:00:00,07:02:30,07:04:00,07:05:30,07:07:30,07:09:00
박촌,송도달빛축제공원,1023,,,,,,06:23:00,06:25:00,06:27:00,06:29:00,06:30:30,06:32:30,06:34:30,06:36:30,06:38:00,06:40:00,06:42:00,06:44:00,06:47:00,06:49:00,06:50:30,06:52:00,06:53:30,06:55:30,06:57:00,06:59:00,07:01:00,07:03:30,07:05:00,07:07:30,07:09:00,07:10:30,07:12:30,07:14:00
검단호수공원,송도달빛축제공원,1025,06:14:00,06:16:00,06:18:30,06:23:00,06:25:00,06:28:00,06:30:00,06:32:00,06:34:00,06:35:30,06:37:30,06:39:30,06:41:30,06:43:00,06:45:00,06:47:00,06:49:00,06:52:00,06:54:00,06:55:30,06:57:00,06:58:30,07:00:30,07:02:00,07:04:00,07:06:00,07:08:30,07:10:00,07:12:30,07:14:00,07:15:30,07:17:30,07:19:00
박촌,송도달빛축제공원,1027,,,,,,06:33:00,06:35:00,06:37:00,06:39:00,06:40:30,06:42:30,06:44:30,06:46:30,06:48:00,06:50:00,06:52:00,06:54:00,06:57:00,06:59:00,07:00:30,07:02:00,07:03:30,07:05:30,07:07:00,07:09:00,07:11:00,07:13:30,07:15:00,07:17:30,07:19:00,07:20:30,07:22:30,07:24:00
검단호수공원,송도달빛축제공원,1029,06:24:00,06:26:00,06:28:30,06:33:00,06:35:00,06:38:00,06:40:00,06:42:00,06:44:00,06:45:30,06:47:30,06:49:30,06:51:30,06:53:00,06:55:00,06:57:00,06:59:00,07:02:00,07:04:00,07:05:30,07:07:00,07:08:30,07:10:30,07:12:00,07:14:00,07:16:00,07:18:30,07:20:00,07:22:30,07:24:00,07:25:30,07:27:30,07:29:00
박촌,송도달빛축제공원,1031,,,,,,06:43:00,06:45:00,06:47:00,06:49:00,06:50:30,06:52:30,06:54:30,06:56:30,06:58:00,07:00:00,07:02:00,07:04:00,07:07:00,07:09:00,07:10:30,07:12:00,07:13:30,07:15:30,07:17:00,07:19:00,07:21:00,07:23:30,07:25:00,07:27:30,07:29:00,07:30:30,07:32:30,07:34:00
검단호수공원,송도달빛축제공원,1033,06:34:00,06:36:00,06:38:30,06:43:00,06:45:00,06:48:00,06:50:00,06:52:00,06:54:00,06:55:30,06:57:30,06:59:30,07:01:30,07:03:00,07:05:00,07:07:00,07:09:00,07:12:00,07:14:00,07:15:30,07:17:00,07:18:30,07:20:30,07:22:00,07:24:00,07:26:00,07:28:30,07:30:00,07:32:30,07:34:00,07:35:30,07:37:30,07:39:00
박촌,송도달빛축제공원,1035,,,,,,06:53:00,06:55:00,06:57:00,06:59:00,07:00:30,07:02:30,07:04:30,07:06:30,07:08:00,07:10:00,07:12:00,07:14:00,07:17:00,07:19:00,07:20:30,07:22:00,07:23:30,07:25:30,07:27:00,07:29:00,07:31:00,07:33:30,07:35:00,07:37:30,07:39:00,07:40:30,07:42:30,07:44:00
검단호수공원,송도달빛축제공원,1037,06:44:00,06:46:00,06:48:30,06:53:00,06:55:00,06:58:00,07:00:00,07:02:00,07:04:00,07:05:30,07:07:30,07:09:30,07:11:30,07:13:00,07:15:00,07:17:00,07:19:00,07:22:00,07:24:00,07:25:30,07:27:00,07:28:30,07:30:30,07:32:00,07:34:00,07:36:00,07:38:30,07:40:00,07:42:30,07:44:00,07:45:30,07:47:30,07:49:00
박촌,송도달빛축제공원,1039,,,,,,07:03:00,07:05:00,07:07:00,07:09:00,07:10:30,07:12:30,07:14:30,07:16:30,07:18:00,07:20:00,07:22:00,07:24:00,07:27:00,07:29:00,07:30:30,07:32:00,07:33:30,07:35:30,07:37:00,07:39:00,07:41:00,07:43:30,07:45:00,07:47:30,07:49:00,07:50:30,07:52:30,07:54:00
검단호수공원,송도달빛축제공원,1041,06:54:00,06:56:00,06:58:30,07:03:00,07:05:00,07:08:00,07:10:00,07:12:00,07:14:00,07:15:30,07:17:30,07:19:30,07:21:30,07:23:00,07:25:00,07:27:00,07:29:00,07:32:00,07:34:00,07:35:30,07:37:00,07:38:30,07:40:30,07:42:00,07:44:00,07:46:00,07:48:30,07:50:00,07:52:30,07:54:00,07:55:30,07:57:30,07:59:00
박촌,송도달빛축제공원,1043,,,,,,07:13:00,07:15:00,07:17:00,07:19:00,07:20:30,07:22:30,07:24:30,07:26:30,07:28:00,07:30:00,07:32:00,07:34:00,07:37:00,07:39:00,07:40:30,07:42:00,07:43:30,07:45:30,07:47:00,07:49:00,07:51:00,07:53:30,07:55:00,07:57:30,07:59:00,08:00:30,08:02:30,08:04:00
검단호수공원,송도달빛축제공원,1045,07:04:00,07:06:00,07:08:30,07:13:00,07:15:00,07:18:00,07:20:00,07:22:00,07:24:00,07:25:30,07:27:30,07:29:30,07:31:30,07:33:00,07:35:00,07:37:00,07:39:00,07:42:00,07:44:00,07:45:30,07:47:00,07:48:30,07:50:30,07:52:00,07:54:00,07:56:00,07:58:30,08:00:00,08:02:30,08:04:00,08:05:30,08:07:30,08:09:00
검단호수공원,송도달빛축제공원,1047,07:09:00,07:11:00,07:13:30,07:18:00,07:20:00,07:23:00,07:25:00,07:27:00,07:29:00,07:30:30,07:32:30,07:34:30,07:36:30,07:38:00,07:40:00,07:42:00,07:44:00,07:47:00,07:49:00,07:50:30,07:52:00,07:53:30,07:55:30,07:57:00,07:59:00,08:01:00,08:03:30,08:05:00,08:07:30,08:09:00,08:10:30,08:12:30,08:14:00
검단호수공원,송도달빛축제공원,1049,07:13:30,07:15:30,07:18:00,07:22:30,07:24:30,07:27:30,07:29:30,07:31:30,07:33:30,07:35:00,07:37:00,07:39:00,07:41:00,07:42:30,07:44:30,07:46:30,07:48:30,07:51:30,07:53:30,07:55:00,07:56:30,07:58:00,08:00:00,08:01:30,08:03:30,08:05:30,08:08:00,08:09:30,08:12:00,08:13:30,08:15:00,08:17:00,08:18:30
검단호수공원,송도달빛축제공원,1051,07:18:30,07:20:30,07:23:00,07:27:30,07:29:30,07:32:30,07:34:30,07:36:30,07:38:30,07:40:00,07:42:00,07:44:00,07:46:00,07:47:30,07:49:30,07:51:30,07:53:30,07:56:30,07:58:30,08:00:00,08:01:30,08:03:00,08:05:00,08:06:30,08:08:30,08:10:30,08:13:00,08:14:30,08:17:00,08:18:30,08:20:00,08:22:00,08:23:30
검단호수공원,송도달빛축제공원,1053,07:23:00,07:25:00,07:27:30,07:32:00,07:34:00,07:37:00,07:39:00,07:41:00,07:43:00,07:44:30,07:46:30,07:48:30,07:50:30,07:52:00,07:54:00,07:56:00,07:58:00,08:01:00,08:03:00,08:04:30,08:06:00,08:07:30,08:09:30,08:11:00,08:13:00,08:15:00,08:17:30,08:19:00,08:21:30,08:23:00,08:24:30,08:26:30,08:28:00
검단호수공원,송도달빛축제공원,1055,07:28:00,07:30:00,07:32:30,07:37:00,07:39:00,07:42:00,07:44:00,07:46:00,07:48:00,07:49:30,07:51:30,07:53:30,07:55:30,07:57:00,07:59:00,08:01:00,08:03:00,08:06:00,08:08:00,08:09:30,08:11:00,08:12:30,08:14:30,08:16:00,08:18:00,08:20:00,08:22:30,08:24:00,08:26:30,08:28:00,08:29:30,08:31:30,08:33:00
검단호수공원,송도달빛축제공원,1057,07:32:30,07:34:30,07:37:00,07:41:30,07:43:30,07:46:30,07:48:30,07:50:30,07:52:30,07:54:00,07:56:00,07:58:00,08:00:00,08:01:30,08:03:30,08:05:30,08:07:30,08:10:30,08:12:30,08:14:00,08:15:30,08:17:00,08:19:00,08:20:30,08:22:30,08:24:30,08:27:00,08:28:30,08:31:00,08:32:30,08:34:00,08:36:00,08:37:30
검단호수공원,송도달빛축제공원,1059,07:37:30,07:39:30,07:42:00,07:46:30,07:48:30,07:51:30,07:53:30,07:55:30,07:57:30,07:59:00,08:01:00,08:03:00,08:05:00,08:06:30,08:08:30,08:10:30,08:12:30,08:15:30,08:17:30,08:19:00,08:20:30,08:22:00,08:24:00,08:25:30,08:27:30,08:29:30,08:32:00,08:33:30,08:36:00,08:37:30,08:39:00,08:41:00,08:42:30
검단호수공원,송도달빛축제공원,1061,07:42:00,07:44:00,07:46:30,07:51:00,07:53:00,07:56:00,07:58:00,08:00:00,08:02:00,08:03:30,08:05:30,08:07:30,08:09:30,08:11:00,08:13:00,08:15:00,08:17:00,08:20:00,08:22:00,08:23:30,08:25:00,08:26:30,08:28:30,08:30:00,08:32:00,08:34:00,08:36:30,08:38:00,08:40:30,08:42:00,08:43:30,08:45:30,08:47:00
검단호수공원,송도달빛축제공원,1063,07:47:00,07:49:00,07:51:30,07:56:00,07:58:00,08:01:00,08:03:00,08:05:00,08:07:00,08:08:30,08:10:30,08:12:30,08:14:30,08:16:00,08:18:00,08:20:00,08:22:00,08:25:00,08:27:00,08:28:30,08:30:00,08:31:30,08:33:30,08:35:00,08:37:00,08:39:00,08:41:30,08:43:00,08:45:30,08:47:00,08:48:30,08:50:30,08:52:00
검단호수공원,송도달빛축제공원,1065,07:51:30,07:53:30,07:56:00,08:00:30,08:02:30,08:05:30,08:07:30,08:09:30,08:11:30,08:13:00,08:15:00,08:17:00,08:19:00,08:20:30,08:22:30,08:24:30,08:26:30,08:29:30,08:31:30,08:33:00,08:34:30,08:36:00,08:38:00,08:39:30,08:41:30,08:43:30,08:46:00,08:47:30,08:50:00,08:51:30,08:53:00,08:55:00,08:56:30
검단호수공원,송도달빛축제공원,1067,07:56:30,07:58:30,08:01:00,08:05:30,08:07:30,08:10:30,08:12:30,08:14:30,08:16:30,08:18:00,08:20:00,08:22:00,08:24:00,08:25:30,08:27:30,08:29:30,08:31:30,08:34:30,08:36:30,08:38:00,08:39:30,08:41:00,08:43:00,08:44:30,08:46:30,08:48:30,08:51:00,08:52:30,08:55:00,08:56:30,08:58:00,09:00:00,09:01:30
검단호수공원,송도달빛축제공원,1069,08:01:00,08:03:00,08:05:30,08:10:00,08:12:00,08:15:00,08:17:00,08:19:00,08:21:00,08:22:30,08:24:30,08:26:30,08:28:30,08:30:00,08:32:00,08:34:00,08:36:00,08:39:00,08:41:00,08:42:30,08:44:00,08:45:30,08:47:30,08:49:00,08:51:00,08:53:00,08:55:30,08:57:00,08:59:30,09:01:00,09:02:30,09:04:30,09:06:00
검단호수공원,송도달빛축제공원,1071,08:06:00,08:08:00,08:10:30,08:15:00,08:17:00,08:20:00,08:22:00,08:24:00,08:26:00,08:27:30,08:29:30,08:31:30,08:33:30,08:35:00,08:37:00,08:39:00,08:41:00,08:44:00,08:46:00,08:47:30,08:49:00,08:50:30,08:52:30,08:54:00,08:56:00,08:58:00,09:00:30,09:02:00,09:04:30,09:06:00,09:07:30,09:09:30,09:11:00
검단호수공원,송도달빛축제공원,1073,08:10:30,08:12:30,08:15:00,08:19:30,08:21:30,08:24:30,08:26:30,08:28:30,08:30:30,08:32:00,08:34:00,08:36:00,08:38:00,08:39:30,08:41:30,08:43:30,08:45:30,08:48:30,08:50:30,08:52:00,08:53:30,08:55:00,08:57:00,08:58:30,09:00:30,09:02:30,09:05:00,09:06:30,09:09:00,09:10:30,09:12:00,09:14:00,09:15:30
검단호수공원,송도달빛축제공원,1075,08:15:30,08:17:30,08:20:00,08:24:30,08:26:30,08:29:30,08:31:30,08:33:30,08:35:30,08:37:00,08:39:00,08:41:00,08:43:00,08:44:30,08:46:30,08:48:30,08:50:30,08:53:30,08:55:30,08:57:00,08:58:30,09:00:00,09:02:00,09:03:30,09:05:30,09:07:30,09:10:00,09:11:30,09:14:00,09:15:30,09:17:00,09:19:00,09:20:30
검단호수공원,송도달빛축제공원,1077,08:20:00,08:22:00,08:24:30,08:29:00,08:31:00,08:34:00,08:36:00,08:38:00,08:40:00,08:41:30,08:43:30,08:45:30,08:47:30,08:49:00,08:51:00,08:53:00,08:55:00,08:58:00,09:00:00,09:01:30,09:03:00,09:04:30,09:06:30,09:08:00,09:10:00,09:12:00,09:14:30,09:16:00,09:18:30,09:20:00,09:21:30,09:23:30,09:25:00
검단호수공원,송도달빛축제공원,1079,08:25:00,08:27:00,08:29:30,08:34:00,08:36:00,08:39:00,08:41:00,08:43:00,08:45:00,08:46:30,08:48:30,08:50:30,08:52:30,08:54:00,08:56:00,08:58:00,09:00:00,09:03:00,09:05:00,09:06:30,09:08:00,09:09:30,09:11:30,09:13:00,09:15:00,09:17:00,09:19:30,09:21:00,09:23:30,09:25:00,09:26:30,09:28:30,09:30:00
검단호수공원,송도달빛축제공원,1081,08:29:30,08:31:30,08:34:00,08:38:30,08:40:30,08:43:30,08:45:30,08:47:30,08:49:30,08:51:00,08:53:00,08:55:00,08:57:00,08:58:30,09:00:30,09:02:30,09:04:30,09:07:30,09:09:30,09:11:00,09:12:30,09:14:00,09:16:00,09:17:30,09:19:30,09:21:30,09:24:00,09:25:30,09:28:00,09:29:30,09:31:00,09:33:00,09:34:30
검단호수공원,송도달빛축제공원,1083,08:34:30,08:36:30,08:39:00,08:43:30,08:45:30,08:48:30,08:50:30,08:52:30,08:54:30,08:56:00,08:58:00,09:00:00,09:02:00,09:03:30,09:05:30,09:07:30,09:09:30,09:12:30,09:14:30,09:16:00,09:17:30,09:19:00,09:21:00,09:22:30,09:24:30,09:26:30,09:29:00,09:30:30,09:33:00,09:34:30,09:36:00,09:38:00,09:39:30
검단호수공원,송도달빛축제공원,1085,08:39:00,08:41:00,08:43:30,08:48:00,08:50:00,08:53:00,08:55:00,08:57:00,08:59:00,09:00:30,09:02:30,09:04:30,09:06:30,09:08:00,09:10:00,09:12:00,09:14:00,09:17:00,09:19:00,09:20:30,09:22:00,09:23:30,09:25:30,09:27:00,09:29:00,09:31:00,09:33:30,09:35:00,09:37:30,09:39:00,09:40:30,09:42:30,09:44:00
검단호수공원,송도달빛축제공원,1087,08:44:00,08:46:00,08:48:30,08:53:00,08:55:00,08:58:00,09:00:00,09:02:00,09:04:00,09:05:30,09:07:30,09:09:30,09:11:30,09:13:00,09:15:00,09:17:00,09:19:00,09:22:00,09:24:00,09:25:30,09:27:00,09:28:30,09:30:30,09:32:00,09:34:00,09:36:00,09:38:30,09:40:00,09:42:30,09:44:00,09:45:30,09:47:30,09:49:00
검단호수공원,송도달빛축제공원,1089,08:49:00,08:51:00,08:53:30,08:58:00,09:00:00,09:03:00,09:05:00,09:07:00,09:09:00,09:10:30,09:12:30,09:14:30,09:16:30,09:18:00,09:20:00,09:22:00,09:24:00,09:27:00,09:29:00,09:30:30,09:32:00,09:33:30,09:35:30,09:37:00,09:39:00,09:41:00,09:43:30,09:45:00,09:47:30,09:49:00,09:50:30,09:52:30,09:54:00
검단호수공원,송도달빛축제공원,1091,08:54:00,08:56:00,08:58:30,09:03:00,09:05:00,09:08:00,09:10:00,09:12:00,09:14:00,09:15:30,09:17:30,09:19:30,09:21:30,09:23:00,09:25:00,09:27:00,09:29:00,09:32:00,09:34:00,09:35:30,09:37:00,09:38:30,09:40:30,09:42:00,09:44:00,09:46:00,09:48:30,09:50:00,09:52:30,09:54:00,09:55:30,09:57:30,09:59:00
검단호수공원,송도달빛축제공원,1093,08:59:00,09:01:00,09:03:30,09:08:00,09:10:00,09:13:00,09:15:00,09:17:00,09:19:00,09:20:30,09:22:30,09:24:30,09:26:30,09:28:00,09:30:00,09:32:00,09:34:00,09:37:00,09:39:00,09:40:30,09:42:00,09:43:30,09:45:30,09:47:00,09:49:00,09:51:00,09:53:30,09:55:00,09:57:30,09:59:00,10:00:30,10:02:30,10:04:00
검단호수공원,송도달빛축제공원,1095,09:06:00,09:08:00,09:10:30,09:15:00,09:17:00,09:20:00,09:22:00,09:24:00,09:26:00,09:27:30,09:29:30,09:31:30,09:33:30,09:35:00,09:37:00,09:39:00,09:41:00,09:44:00,09:46:00,09:47:30,09:49:00,09:50:30,09:52:30,09:54:00,09:56:00,09:58:00,10:00:30,10:02:00,10:04:30,10:06:00,10:07:30,10:09:30,10:11:00
검단호수공원,송도달빛축제공원,1097,09:13:00,09:15:00,09:17:30,09:22:00,09:24:00,09:27:00,09:29:00,09:31:00,09:33:00,09:34:30,09:36:30,09:38:30,09:40:30,09:42:00,09:44:00,09:46:00,09:48:00,09:51:00,09:53:00,09:54:30,09:56:00,09:57:30,09:59:30,10:01:00,10:03:00,10:05:00,10:07:30,10:09:00,10:11:30,10:13:00,10:14:30,10:16:30,10:18:00
검단호수공원,송도달빛축제공원,1099,09:22:00,09:24:00,09:26:30,09:31:00,09:33:00,09:36:00,09:38:00,09:40:00,09:42:00,09:43:30,09:45:30,09:47:30,09:49:30,09:51:00,09:53:00,09:55:00,09:57:00,10:00:00,10:02:00,10:03:30,10:05:00,10:06:30,10:08:30,10:10:00,10:12:00,10:14:00,10:16:30,10:18:00,10:20:30,10:22:00,10:23:30,10:25:30,10:27:00
검단호수공원,송도달빛축제공원,1101,09:31:00,09:33:00,09:35:30,09:40:00,09:42:00,09:45:00,09:47:00,09:49:00,09:51:00,09:52:30,09:54:30,09:56:30,09:58:30,10:00:00,10:02:00,10:04:00,10:06:00,10:09:00,10:11:00,10:12:30,10:14:00,10:15:30,10:17:30,10:19:00,10:21:00,10:23:00,10:25:30,10:27:00,10:29:30,10:31:00,10:32:30,10:34:30,10:36:00
검단호수공원,송도달빛축제공원,1103,09:40:00,09:42:00,09:44:30,09:49:00,09:51:00,09:54:00,09:56:00,09:58:00,10:00:00,10:01:30,10:03:30,10:05:30,10:07:30,10:09:00,10:11:00,10:13:00,10:15:00,10:18:00,10:20:00,10:21:30,10:23:00,10:24:30,10:26:30,10:28:00,10:30:00,10:32:00,10:34:30,10:36:00,10:38:30,10:40:00,10:41:30,10:43:30,10:45:00
검단호수공원,송도달빛축제공원,1105,09:49:00,09:51:00,09:53:30,09:58:00,10:00:00,10:03:00,10:05:00,10:07:00,10:09:00,10:10:30,10:12:30,10:14:30,10:16:30,10:18:00,10:20:00,10:22:00,10:24:00,10:27:00,10:29:00,10:30:30,10:32:00,10:33:30,10:35:30,10:37:00,10:39:00,10:41:00,10:43:30,10:45:00,10:47:30,10:49:00,10:50:30,10:52:30,10:54:00
검단호수공원,송도달빛축제공원,1107,09:58:00,10:00:00,10:02:30,10:07:00,10:09:00,10:12:00,10:14:00,10:16:00,10:18:00,10:19:30,10:21:30,10:23:30,10:25:30,10:27:00,10:29:00,10:31:00,10:33:00,10:36:00,10:38:00,10:39:30,10:41:00,10:42:30,10:44:30,10:46:00,10:48:00,10:50:00,10:52:30,10:54:00,10:56:30,10:58:00,10:59:30,11:01:30,11:03:00
검단호수공원,송도달빛축제공원,1109,10:07:00,10:09:00,10:11:30,10:16:00,10:18:00,10:21:00,10:23:00,10:25:00,10:27:00,10:28:30,10:30:30,10:32:30,10:34:30,10:36:00,10:38:00,10:40:00,10:42:00,10:45:00,10:47:00,10:48:30,10:50:00,10:51:30,10:53:30,10:55:00,10:57:00,10:59:00,11:01:30,11:03:00,11:05:30,11:07:00,11:08:30,11:10:30,11:12:00
검단호수공원,송도달빛축제공원,1111,10:16:00,10:18:00,10:20:30,10:25:00,10:27:00,10:30:00,10:32:00,10:34:00,10:36:00,10:37:30,10:39:30,10:41:30,10:43:30,10:45:00,10:47:00,10:49:00,10:51:00,10:54:00,10:56:00,10:57:30,10:59:00,11:00:30,11:02:30,11:04:00,11:06:00,11:08:00,11:10:30,11:12:00,11:14:30,11:16:00,11:17:30,11:19:30,11:21:00
검단호수공원,송도달빛축제공원,1113,10:25:00,10:27:00,10:29:30,10:34:00,10:36:00,10:39:00,10:41:00,10:43:00,10:45:00,10:46:30,10:48:30,10:50:30,10:52:30,10:54:00,10:56:00,10:58:00,11:00:00,11:03:00,11:05:00,11:06:30,11:08:00,11:09:30,11:11:30,11:13:00,11:15:00,11:17:00,11:19:30,11:21:00,11:23:30,11:25:00,11:26:30,11:28:30,11:30:00
검단호수공원,송도달빛축제공원,1115,10:34:00,10:36:00,10:38:30,10:43:00,10:45:00,10:48:00,10:50:00,10:52:00,10:54:00,10:55:30,10:57:30,10:59:30,11:01:30,11:03:00,11:05:00,11:07:00,11:09:00,11:12:00,11:14:00,11:15:30,11:17:00,11:18:30,11:20:30,11:22:00,11:24:00,11:26:00,11:28:30,11:30:00,11:32:30,11:34:00,11:35:30,11:37:30,11:39:00
검단호수공원,송도달빛축제공원,1117,10:43:00,10:45:00,10:47:30,10:52:00,10:54:00,10:57:00,10:59:00,11:01:00,11:03:00,11:04:30,11:06:30,11:08:30,11:10:30,11:12:00,11:14:00,11:16:00,11:18:00,11:21:00,11:23:00,11:24:30,11:26:00,11:27:30,11:29:30,11:31:00,11:33:00,11:35:00,11:37:30,11:39:00,11:41:30,11:43:00,11:44:30,11:46:30,11:48:00
검단호수공원,송도달빛축제공원,1119,10:52:00,10:54:00,10:56:30,11:01:00,11:03:00,11:06:00,11:08:00,11:10:00,11:12:00,11:13:30,11:15:30,11:17:30,11:19:30,11:21:00,11:23:00,11:25:00,11:27:00,11:30:00,11:32:00,11:33:30,11:35:00,11:36:30,11:38:30,11:40:00,11:42:00,11:44:00,11:46:30,11:48:00,11:50:30,11:52:00,11:53:30,11:55:30,11:57:00
검단호수공원,송도달빛축제공원,1121,11:01:00,11:03:00,11:05:30,11:10:00,11:12:00,11:15:00,11:17:00,11:19:00,11:21:00,11:22:30,11:24:30,11:26:30,11:28:30,11:30:00,11:32:00,11:34:00,11:36:00,11:39:00,11:41:00,11:42:30,11:44:00,11:45:30,11:47:30,11:49:00,11:51:00,11:53:00,11:55:30,11:57:00,11:59:30,12:01:00,12:02:30,12:04:30,12:06:00
검단호수공원,송도달빛축제공원,1123,11:10:00,11:12:00,11:14:30,11:19:00,11:21:00,11:24:00,11:26:00,11:28:00,11:30:00,11:31:30,11:33:30,11:35:30,11:37:30,11:39:00,11:41:00,11:43:00,11:45:00,11:48:00,11:50:00,11:51:30,11:53:00,11:54:30,11:56:30,11:58:00,12:00:00,12:02:00,12:04:30,12:06:00,12:08:30,12:10:00,12:11:30,12:13:30,12:15:00
검단호수공원,송도달빛축제공원,1125,11:19:00,11:21:00,11:23:30,11:28:00,11:30:00,11:33:00,11:35:00,11:37:00,11:39:00,11:40:30,11:42:30,11:44:30,11:46:30,11:48:00,11:50:00,11:52:00,11:54:00,11:57:00,11:59:00,12:00:30,12:02:00,12:03:30,12:05:30,12:07:00,12:09:00,12:11:00,12:13:30,12:15:00,12:17:30,12:19:00,12:20:30,12:22:30,12:24:00
검단호수공원,송도달빛축제공원,1127,11:28:00,11:30:00,11:32:30,11:37:00,11:39:00,11:42:00,11:44:00,11:46:00,11:48:00,11:49:30,11:51:30,11:53:30,11:55:30,11:57:00,11:59:00,12:01:00,12:03:00,12:06:00,12:08:00,12:09:30,12:11:00,12:12:30,12:14:30,12:16:00,12:18:00,12:20:00,12:22:30,12:24:00,12:26:30,12:28:00,12:29:30,12:31:30,12:33:00
검단호수공원,송도달빛축제공원,1129,11:37:00,11:39:00,11:41:30,11:46:00,11:48:00,11:51:00,11:53:00,11:55:00,11:57:00,11:58:30,12:00:30,12:02:30,12:04:30,12:06:00,12:08:00,12:10:00,12:12:00,12:15:00,12:17:00,12:18:30,12:20:00,12:21:30,12:23:30,12:25:00,12:27:00,12:29:00,12:31:30,12:33:00,12:35:30,12:37:00,12:38:30,12:40:30,12:42:00
검단호수공원,송도달빛축제공원,1131,11:46:00,11:48:00,11:50:30,11:55:00,11:57:00,12:00:00,12:02:00,12:04:00,12:06:00,12:07:30,12:09:30,12:11:30,12:13:30,12:15:00,12:17:00,12:19:00,12:21:00,12:24:00,12:26:00,12:27:30,12:29:00,12:30:30,12:32:30,12:34:00,12:36:00,12:38:00,12:40:30,12:42:00,12:44:30,12:46:00,12:47:30,12:49:30,12:51:00
검단호수공원,송도달빛축제공원,1133,11:55:00,11:57:00,11:59:30,12:04:00,12:06:00,12:09:00,12:11:00,12:13:00,12:15:00,12:16:30,12:18:30,12:20:30,12:22:30,12:24:00,12:26:00,12:28:00,12:30:00,12:33:00,12:35:00,12:36:30,12:38:00,12:39:30,12:41:30,12:43:00,12:45:00,12:47:00,12:49:30,12:51:00,12:53:30,12:55:00,12:56:30,12:58:30,13:00:00
검단호수공원,송도달빛축제공원,1135,12:04:00,12:06:00,12:08:30,12:13:00,12:15:00,12:18:00,12:20:00,12:22:00,12:24:00,12:25:30,12:27:30,12:29:30,12:31:30,12:33:00,12:35:00,12:37:00,12:39:00,12:42:00,12:44:00,12:45:30,12:47:00,12:48:30,12:50:30,12:52:00,12:54:00,12:56:00,12:58:30,13:00:00,13:02:30,13:04:00,13:05:30,13:07:30,13:09:00
검단호수공원,송도달빛축제공원,1137,12:13:00,12:15:00,12:17:30,12:22:00,12:24:00,12:27:00,12:29:00,12:31:00,12:33:00,12:34:30,12:36:30,12:38:30,12:40:30,12:42:00,12:44:00,12:46:00,12:48:00,12:51:00,12:53:00,12:54:30,12:56:00,12:57:30,12:59:30,13:01:00,13:03:00,13:05:00,13:07:30,13:09:00,13:11:30,13:13:00,13:14:30,13:16:30,13:18:00
검단호수공원,송도달빛축제공원,1139,12:22:00,12:24:00,12:26:30,12:31:00,12:33:00,12:36:00,12:38:00,12:40:00,12:42:00,12:43:30,12:45:30,12:47:30,12:49:30,12:51:00,12:53:00,12:55:00,12:57:00,13:00:00,13:02:00,13:03:30,13:05:00,13:06:30,13:08:30,13:10:00,13:12:00,13:14:00,13:16:30,13:18:00,13:20:30,13:22:00,13:23:30,13:25:30,13:27:00
검단호수공원,송도달빛축제공원,1141,12:31:00,12:33:00,12:35:30,12:40:00,12:42:00,12:45:00,12:47:00,12:49:00,12:51:00,12:52:30,12:54:30,12:56:30,12:58:30,13:00:00,13:02:00,13:04:00,13:06:00,13:09:00,13:11:00,13:12:30,13:14:00,13:15:30,13:17:30,13:19:00,13:21:00,13:23:00,13:25:30,13:27:00,13:29:30,13:31:00,13:32:30,13:34:30,13:36:00
검단호수공원,송도달빛축제공원,1143,12:40:00,12:42:00,12:44:30,12:49:00,12:51:00,12:54:00,12:56:00,12:58:00,13:00:00,13:01:30,13:03:30,13:05:30,13:07:30,13:09:00,13:11:00,13:13:00,13:15:00,13:18:00,13:20:00,13:21:30,13:23:00,13:24:30,13:26:30,13:28:00,13:30:00,13:32:00,13:34:30,13:36:00,13:38:30,13:40:00,13:41:30,13:43:30,13:45:00
검단호수공원,송도달빛축제공원,1145,12:49:00,12:51:00,12:53:30,12:58:00,13:00:00,13:03:00,13:05:00,13:07:00,13:09:00,13:10:30,13:12:30,13:14:30,13:16:30,13:18:00,13:20:00,13:22:00,13:24:00,13:27:00,13:29:00,13:30:30,13:32:00,13:33:30,13:35:30,13:37:00,13:39:00,13:41:00,13:43:30,13:45:00,13:47:30,13:49:00,13:50:30,13:52:30,13:54:00
검단호수공원,송도달빛축제공원,1147,12:58:00,13:00:00,13:02:30,13:07:00,13:09:00,13:12:00,13:14:00,13:16:00,13:18:00,13:19:30,13:21:30,13:23:30,13:25:30,13:27:00,13:29:00,13:31:00,13:33:00,13:36:00,13:38:00,13:39:30,13:41:00,13:42:30,13:44:30,13:46:00,13:48:00,13:50:00,13:52:30,13:54:00,13:56:30,13:58:00,13:59:30,14:01:30,14:03:00
검단호수공원,송도달빛축제공원,1149,13:07:00,13:09:00,13:11:30,13:16:00,13:18:00,13:21:00,13:23:00,13:25:00,13:27:00,13:28:30,13:30:30,13:32:30,13:34:30,13:36:00,13:38:00,13:40:00,13:42:00,13:45:00,13:47:00,13:48:30,13:50:00,13:51:30,13:53:30,13:55:00,13:57:00,13:59:00,14:01:30,14:03:00,14:05:30,14:07:00,14:08:30,14:10:30,14:12:00
검단호수공원,송도달빛축제공원,1151,13:16:00,13:18:00,13:20:30,13:25:00,13:27:00,13:30:00,13:32:00,13:34:00,13:36:00,13:37:30,13:39:30,13:41:30,13:43:30,13:45:00,13:47:00,13:49:00,13:51:00,13:54:00,13:56:00,13:57:30,13:59:00,14:00:30,14:02:30,14:04:00,14:06:00,14:08:00,14:10:30,14:12:00,14:14:30,14:16:00,14:17:30,14:19:30,14:21:00
검단호수공원,송도달빛축제공원,1153,13:25:00,13:27:00,13:29:30,13:34:00,13:36:00,13:39:00,13:41:00,13:43:00,13:45:00,13:46:30,13:48:30,13:50:30,13:52:30,13:54:00,13:56:00,13:58:00,14:00:00,14:03:00,14:05:00,14:06:30,14:08:00,14:09:30,14:11:30,14:13:00,14:15:00,14:17:00,14:19:30,14:21:00,14:23:30,14:25:00,14:26:30,14:28:30,14:30:00
검단호수공원,송도달빛축제공원,1155,13:34:00,13:36:00,13:38:30,13:43:00,13:45:00,13:48:00,13:50:00,13:52:00,13:54:00,13:55:30,13:57:30,13:59:30,14:01:30,14:03:00,14:05:00,14:07:00,14:09:00,14:12:00,14:14:00,14:15:30,14:17:00,14:18:30,14:20:30,14:22:00,14:24:00,14:26:00,14:28:30,14:30:00,14:32:30,14:34:00,14:35:30,14:37:30,14:39:00
검단호수공원,송도달빛축제공원,1157,13:43:00,13:45:00,13:47:30,13:52:00,13:54:00,13:57:00,13:59:00,14:01:00,14:03:00,14:04:30,14:06:30,14:08:30,14:10:30,14:12:00,14:14:00,14:16:00,14:18:00,14:21:00,14:23:00,14:24:30,14:26:00,14:27:30,14:29:30,14:31:00,14:33:00,14:35:00,14:37:30,14:39:00,14:41:30,14:43:00,14:44:30,14:46:30,14:48:00
검단호수공원,송도달빛축제공원,1159,13:52:00,13:54:00,13:56:30,14:01:00,14:03:00,14:06:00,14:08:00,14:10:00,14:12:00,14:13:30,14:15:30,14:17:30,14:19:30,14:21:00,14:23:00,14:25:00,14:27:00,14:30:00,14:32:00,14:33:30,14:35:00,14:36:30,14:38:30,14:40:00,14:42:00,14:44:00,14:46:30,14:48:00,14:50:30,14:52:00,14:53:30,14:55:30,14:57:00
검단호수공원,송도달빛축제공원,1161,14:01:00,14:03:00,14:05:30,14:10:00,14:12:00,14:15:00,14:17:00,14:19:00,14:21:00,14:22:30,14:24:30,14:26:30,14:28:30,14:30:00,14:32:00,14:34:00,14:36:00,14:39:00,14:41:00,14:42:30,14:44:00,14:45:30,14:47:30,14:49:00,14:51:00,14:53:00,14:55:30,14:57:00,14:59:30,15:01:00,15:02:30,15:04:30,15:06:00
검단호수공원,송도달빛축제공원,1163,14:10:00,14:12:00,14:14:30,14:19:00,14:21:00,14:24:00,14:26:00,14:28:00,14:30:00,14:31:30,14:33:30,14:35:30,14:37:30,14:39:00,14:41:00,14:43:00,14:45:00,14:48:00,14:50:00,14:51:30,14:53:00,14:54:30,14:56:30,14:58:00,15:00:00,15:02:00,15:04:30,15:06:00,15:08:30,15:10:00,15:11:30,15:13:30,15:15:00
검단호수공원,송도달빛축제공원,1165,14:19:00,14:21:00,14:23:30,14:28:00,14:30:00,14:33:00,14:35:00,14:37:00,14:39:00,14:40:30,14:42:30,14:44:30,14:46:30,14:48:00,14:50:00,14:52:00,14:54:00,14:57:00,14:59:00,15:00:30,15:02:00,15:03:30,15:05:30,15:07:00,15:09:00,15:11:00,15:13:30,15:15:00,15:17:30,15:19:00,15:20:30,15:22:30,15:24:00
검단호수공원,송도달빛축제공원,1167,14:28:00,14:30:00,14:32:30,14:37:00,14:39:00,14:42:00,14:44:00,14:46:00,14:48:00,14:49:30,14:51:30,14:53:30,14:55:30,14:57:00,14:59:00,15:01:00,15:03:00,15:06:00,15:08:00,15:09:30,15:11:00,15:12:30,15:14:30,15:16:00,15:18:00,15:20:00,15:22:30,15:24:00,15:26:30,15:28:00,15:29:30,15:31:30,15:33:00
검단호수공원,송도달빛축제공원,1169,14:37:00,14:39:00,14:41:30,14:46:00,14:48:00,14:51:00,14:53:00,14:55:00,14:57:00,14:58:30,15:00:30,15:02:30,15:04:30,15:06:00,15:08:00,15:10:00,15:12:00,15:15:00,15:17:00,15:18:30,15:20:00,15:21:30,15:23:30,15:25:00,15:27:00,15:29:00,15:31:30,15:33:00,15:35:30,15:37:00,15:38:30,15:40:30,15:42:00
검단호수공원,송도달빛축제공원,1171,14:46:00,14:48:00,14:50:30,14:55:00,14:57:00,15:00:00,15:02:00,15:04:00,15:06:00,15:07:30,15:09:30,15:11:30,15:13:30,15:15:00,15:17:00,15:19:00,15:21:00,15:24:00,15:26:00,15:27:30,15:29:00,15:30:30,15:32:30,15:34:00,15:36:00,15:38:00,15:40:30,15:42:00,15:44:30,15:46:00,15:47:30,15:49:30,15:51:00
검단호수공원,송도달빛축제공원,1173,14:55:00,14:57:00,14:59:30,15:04:00,15:06:00,15:09:00,15:11:00,15:13:00,15:15:00,15:16:30,15:18:30,15:20:30,15:22:30,15:24:00,15:26:00,15:28:00,15:30:00,15:33:00,15:35:00,15:36:30,15:38:00,15:39:30,15:41:30,15:43:00,15:45:00,15:47:00,15:49:30,15:51:00,15:53:30,15:55:00,15:56:30,15:58:30,16:00:00
검단호수공원,송도달빛축제공원,1175,15:04:00,15:06:00,15:08:30,15:13:00,15:15:00,15:18:00,15:20:00,15:22:00,15:24:00,15:25:30,15:27:30,15:29:30,15:31:30,15:33:00,15:35:00,15:37:00,15:39:00,15:42:00,15:44:00,15:45:30,15:47:00,15:48:30,15:50:30,15:52:00,15:54:00,15:56:00,15:58:30,16:00:00,16:02:30,16:04:00,16:05:30,16:07:30,16:09:00
검단호수공원,송도달빛축제공원,1177,15:13:00,15:15:00,15:17:30,15:22:00,15:24:00,15:27:00,15:29:00,15:31:00,15:33:00,15:34:30,15:36:30,15:38:30,15:40:30,15:42:00,15:44:00,15:46:00,15:48:00,15:51:00,15:53:00,15:54:30,15:56:00,15:57:30,15:59:30,16:01:00,16:03:00,16:05:00,16:07:30,16:09:00,16:11:30,16:13:00,16:14:30,16:16:30,16:18:00
검단호수공원,송도달빛축제공원,1179,15:22:00,15:24:00,15:26:30,15:31:00,15:33:00,15:36:00,15:38:00,15:40:00,15:42:00,15:43:30,15:45:30,15:47:30,15:49:30,15:51:00,15:53:00,15:55:00,15:57:00,16:00:00,16:02:00,16:03:30,16:05:00,16:06:30,16:08:30,16:10:00,16:12:00,16:14:00,16:16:30,16:18:00,16:20:30,16:22:00,16:23:30,16:25:30,16:27:00
검단호수공원,송도달빛축제공원,1181,15:31:00,15:33:00,15:35:30,15:40:00,15:42:00,15:45:00,15:47:00,15:49:00,15:51:00,15:52:30,15:54:30,15:56:30,15:58:30,16:00:00,16:02:00,16:04:00,16:06:00,16:09:00,16:11:00,16:12:30,16:14:00,16:15:30,16:17:30,16:19:00,16:21:00,16:23:00,16:25:30,16:27:00,16:29:30,16:31:00,16:32:30,16:34:30,16:36:00
검단호수공원,송도달빛축제공원,1183,15:40:00,15:42:00,15:44:30,15:49:00,15:51:00,15:54:00,15:56:00,15:58:00,16:00:00,16:01:30,16:03:30,16:05:30,16:07:30,16:09:00,16:11:00,16:13:00,16:15:00,16:18:00,16:20:00,16:21:30,16:23:00,16:24:30,16:26:30,16:28:00,16:30:00,16:32:00,16:34:30,16:36:00,16:38:30,16:40:00,16:41:30,16:43:30,16:45:00
검단호수공원,송도달빛축제공원,1185,15:49:00,15:51:00,15:53:30,15:58:00,16:00:00,16:03:00,16:05:00,16:07:00,16:09:00,16:10:30,16:12:30,16:14:30,16:16:30,16:18:00,16:20:00,16:22:00,16:24:00,16:27:00,16:29:00,16:30:30,16:32:00,16:33:30,16:35:30,16:37:00,16:39:00,16:41:00,16:43:30,16:45:00,16:47:30,16:49:00,16:50:30,16:52:30,16:54:00
검단호수공원,송도달빛축제공원,1187,15:58:00,16:00:00,16:02:30,16:07:00,16:09:00,16:12:00,16:14:00,16:16:00,16:18:00,16:19:30,16:21:30,16:23:30,16:25:30,16:27:00,16:29:00,16:31:00,16:33:00,16:36:00,16:38:00,16:39:30,16:41:00,16:42:30,16:44:30,16:46:00,16:48:00,16:50:00,16:52:30,16:54:00,16:56:30,16:58:00,16:59:30,17:01:30,17:03:00
검단호수공원,송도달빛축제공원,1189,16:07:00,16:09:00,16:11:30,16:16:00,16:18:00,16:21:00,16:23:00,16:25:00,16:27:00,16:28:30,16:30:30,16:32:30,16:34:30,16:36:00,16:38:00,16:40:00,16:42:00,16:45:00,16:47:00,16:48:30,16:50:00,16:51:30,16:53:30,16:55:00,16:57:00,16:59:00,17:01:30,17:03:00,17:05:30,17:07:00,17:08:30,17:10:30,17:12:00
박촌,송도달빛축제공원,1191,,,,,,16:26:30,16:28:30,16:30:30,16:32:30,16:34:00,16:36:00,16:38:00,16:40:00,16:41:30,16:43:30,16:45:30,16:47:30,16:50:30,16:52:30,16:54:00,16:55:30,16:57:00,16:59:00,17:00:30,17:02:30,17:04:30,17:07:00,17:08:30,17:11:00,17:12:30,17:14:00,17:16:00,17:17:30
검단호수공원,송도달빛축제공원,1193,16:18:00,16:20:00,16:22:30,16:27:00,16:29:00,16:32:00,16:34:00,16:36:00,16:38:00,16:39:30,16:41:30,16:43:30,16:45:30,16:47:00,16:49:00,16:51:00,16:53:00,16:56:00,16:58:00,16:59:30,17:01:00,17:02:30,17:04:30,17:06:00,17:08:00,17:10:00,17:12:30,17:14:00,17:16:30,17:18:00,17:19:30,17:21:30,17:23:00
박촌,송도달빛축제공원,1195,,,,,,16:37:30,16:39:30,16:41:30,16:43:30,16:45:00,16:47:00,16:49:00,16:51:00,16:52:30,16:54:30,16:56:30,16:58:30,17:01:30,17:03:30,17:05:00,17:06:30,17:08:00,17:10:00,17:11:30,17:13:30,17:15:30,17:18:00,17:19:30,17:22:00,17:23:30,17:25:00,17:27:00,17:28:30
검단호수공원,송도달빛축제공원,1197,16:29:00,16:31:00,16:33:30,16:38:00,16:40:00,16:43:00,16:45:00,16:47:00,16:49:00,16:50:30,16:52:30,16:54:30,16:56:30,16:58:00,17:00:00,17:02:00,17:04:00,17:07:00,17:09:00,17:10:30,17:12:00,17:13:30,17:15:30,17:17:00,17:19:00,17:21:00,17:23:30,17:25:00,17:27:30,17:29:00,17:30:30,17:32:30,17:34:00
박촌,송도달빛축제공원,1199,,,,,,16:48:30,16:50:30,16:52:30,16:54:30,16:56:00,16:58:00,17:00:00,17:02:00,17:03:30,17:05:30,17:07:30,17:09:30,17:12:30,17:14:30,17:16:00,17:17:30,17:19:00,17:21:00,17:22:30,17:24:30,17:26:30,17:29:00,17:30:30,17:33:00,17:34:30,17:36:00,17:38:00,17:39:30
검단호수공원,송도달빛축제공원,1201,16:40:00,16:42:00,16:44:30,16:49:00,16:51:00,16:54:00,16:56:00,16:58:00,17:00:00,17:01:30,17:03:30,17:05:30,17:07:30,17:09:00,17:11:00,17:13:00,17:15:00,17:18:00,17:20:00,17:21:30,17:23:00,17:24:30,17:26:30,17:28:00,17:30:00,17:32:00,17:34:30,17:36:00,17:38:30,17:40:00,17:41:30,17:43:30,17:45:00
검단호수공원,송도달빛축제공원,1203,16:45:30,16:47:30,16:50:00,16:54:30,16:56:30,16:59:30,17:01:30,17:03:30,17:05:30,17:07:00,17:09:00,17:11:00,17:13:00,17:14:30,17:16:30,17:18:30,17:20:30,17:23:30,17:25:30,17:27:00,17:28:30,17:30:00,17:32:00,17:33:30,17:35:30,17:37:30,17:40:00,17:41:30,17:44:00,17:45:30,17:47:00,17:49:00,17:50:30
검단호수공원,송도달빛축제공원,1205,16:51:00,16:53:00,16:55:30,17:00:00,17:02:00,17:05:00,17:07:00,17:09:00,17:11:00,17:12:30,17:14:30,17:16:30,17:18:30,17:20:00,17:22:00,17:24:00,17:26:00,17:29:00,17:31:00,17:32:30,17:34:00,17:35:30,17:37:30,17:39:00,17:41:00,17:43:00,17:45:30,17:47:00,17:49:30,17:51:00,17:52:30,17:54:30,17:56:00
검단호수공원,송도달빛축제공원,1207,16:56:30,16:58:30,17:01:00,17:05:30,17:07:30,17:10:30,17:12:30,17:14:30,17:16:30,17:18:00,17:20:00,17:22:00,17:24:00,17:25:30,17:27:30,17:29:30,17:31:30,17:34:30,17:36:30,17:38:00,17:39:30,17:41:00,17:43:00,17:44:30,17:46:30,17:48:30,17:51:00,17:52:30,17:55:00,17:56:30,17:58:00,18:00:00,18:01:30
검단호수공원,송도달빛축제공원,1209,17:02:00,17:04:00,17:06:30,17:11:00,17:13:00,17:16:00,17:18:00,17:20:00,17:22:00,17:23:30,17:25:30,17:27:30,17:29:30,17:31:00,17:33:00,17:35:00,17:37:00,17:40:00,17:42:00,17:43:30,17:45:00,17:46:30,17:48:30,17:50:00,17:52:00,17:54:00,17:56:30,17:58:00,18:00:30,18:02:00,18:03:30,18:05:30,18:07:00
검단호수공원,송도달빛축제공원,1211,17:07:30,17:09:30,17:12:00,17:16:30,17:18:30,17:21:30,17:23:30,17:25:30,17:27:30,17:29:00,17:31:00,17:33:00,17:35:00,17:36:30,17:38:30,17:40:30,17:42:30,17:45:30,17:47:30,17:49:00,17:50:30,17:52:00,17:54:00,17:55:30,17:57:30,17:59:30,18:02:00,18:03:30,18:06:00,18:07:30,18:09:00,18:11:00,18:12:30
검단호수공원,송도달빛축제공원,1213,17:13:00,17:15:00,17:17:30,17:22:00,17:24:00,17:27:00,17:29:00,17:31:00,17:33:00,17:34:30,17:36:30,17:38:30,17:40:30,17:42:00,17:44:00,17:46:00,17:48:00,17:51:00,17:53:00,17:54:30,17:56:00,17:57:30,17:59:30,18:01:00,18:03:00,18:05:00,18:07:30,18:09:00,18:11:30,18:13:00,18:14:30,18:16:30,18:18:00
검단호수공원,송도달빛축제공원,1215,17:18:30,17:20:30,17:23:00,17:27:30,17:29:30,17:32:30,17:34:30,17:36:30,17:38:30,17:40:00,17:42:00,17:44:00,17:46:00,17:47:30,17:49:30,17:51:30,17:53:30,17:56:30,17:58:30,18:00:00,18:01:30,18:03:00,18:05:00,18:06:30,18:08:30,18:10:30,18:13:00,18:14:30,18:17:00,18:18:30,18:20:00,18:22:00,18:23:30
검단호수공원,송도달빛축제공원,1217,17:24:30,17:26:30,17:29:00,17:33:30,17:35:30,17:38:30,17:40:30,17:42:30,17:44:30,17:46:00,17:48:00,17:50:00,17:52:00,17:53:30,17:55:30,17:57:30,17:59:30,18:02:30,18:04:30,18:06:00,18:07:30,18:09:00,18:11:00,18:12:30,18:14:30,18:16:30,18:19:00,18:20:30,18:23:00,18:24:30,18:26:00,18:28:00,18:29:30
검단호수공원,송도달빛축제공원,1219,17:30:30,17:32:30,17:35:00,17:39:30,17:41:30,17:44:30,17:46:30,17:48:30,17:50:30,17:52:00,17:54:00,17:56:00,17:58:00,17:59:30,18:01:30,18:03:30,18:05:30,18:08:30,18:10:30,18:12:00,18:13:30,18:15:00,18:17:00,18:18:30,18:20:30,18:22:30,18:25:00,18:26:30,18:29:00,18:30:30,18:32:00,18:34:00,18:35:30
검단호수공원,송도달빛축제공원,1221,17:36:30,17:38:30,17:41:00,17:45:30,17:47:30,17:50:30,17:52:30,17:54:30,17:56:30,17:58:00,18:00:00,18:02:00,18:04:00,18:05:30,18:07:30,18:09:30,18:11:30,18:14:30,18:16:30,18:18:00,18:19:30,18:21:00,18:23:00,18:24:30,18:26:30,18:28:30,18:31:00,18:32:30,18:35:00,18:36:30,18:38:00,18:40:00,18:41:30
검단호수공원,송도달빛축제공원,1223,17:42:30,17:44:30,17:47:00,17:51:30,17:53:30,17:56:30,17:58:30,18:00:30,18:02:30,18:04:00,18:06:00,18:08:00,18:10:00,18:11:30,18:13:30,18:15:30,18:17:30,18:20:30,18:22:30,18:24:00,18:25:30,18:27:00,18:29:00,18:30:30,18:32:30,18:34:30,18:37:00,18:38:30,18:41:00,18:42:30,18:44:00,18:46:00,18:47:30
검단호수공원,송도달빛축제공원,1225,17:48:30,17:50:30,17:53:00,17:57:30,17:59:30,18:02:30,18:04:30,18:06:30,18:08:30,18:10:00,18:12:00,18:14:00,18:16:00,18:17:30,18:19:30,18:21:30,18:23:30,18:26:30,18:28:30,18:30:00,18:31:30,18:33:00,18:35:00,18:36:30,18:38:30,18:40:30,18:43:00,18:44:30,18:47:00,18:48:30,18:50:00,18:52:00,18:53:30
검단호수공원,송도달빛축제공원,1227,17:54:30,17:56:30,17:59:00,18:03:30,18:05:30,18:08:30,18:10:30,18:12:30,18:14:30,18:16:00,18:18:00,18:20:00,18:22:00,18:23:30,18:25:30,18:27:30,18:29:30,18:32:30,18:34:30,18:36:00,18:37:30,18:39:00,18:41:00,18:42:30,18:44:30,18:46:30,18:49:00,18:50:30,18:53:00,18:54:30,18:56:00,18:58:00,18:59:30
검단호수공원,송도달빛축제공원,1229,18:00:30,18:02:30,18:05:00,18:09:30,18:11:30,18:14:30,18:16:30,18:18:30,18:20:30,18:22:00,18:24:00,18:26:00,18:28:00,18:29:30,18:31:30,18:33:30,18:35:30,18:38:30,18:40:30,18:42:00,18:43:30,18:45:00,18:47:00,18:48:30,18:50:30,18:52:30,18:55:00,18:56:30,18:59:00,19:00:30,19:02:00,19:04:00,19:05:30
검단호수공원,송도달빛축제공원,1231,18:06:30,18:08:30,18:11:00,18:15:30,18:17:30,18:20:30,18:22:30,18:24:30,18:26:30,18:28:00,18:30:00,18:32:00,18:34:00,18:35:30,18:37:30,18:39:30,18:41:30,18:44:30,18:46:30,18:48:00,18:49:30,18:51:00,18:53:00,18:54:30,18:56:30,18:58:30,19:01:00,19:02:30,19:05:00,19:06:30,19:08:00,19:10:00,19:11:30
검단호수공원,송도달빛축제공원,1233,18:12:30,18:14:30,18:17:00,18:21:30,18:23:30,18:26:30,18:28:30,18:30:30,18:32:30,18:34:00,18:36:00,18:38:00,18:40:00,18:41:30,18:43:30,18:45:30,18:47:30,18:50:30,18:52:30,18:54:00,18:55:30,18:57:00,18:59:00,19:00:30,19:02:30,19:04:30,19:07:00,19:08:30,19:11:00,19:12:30,19:14:00,19:16:00,19:17:30
검단호수공원,송도달빛축제공원,1235,18:18:30,18:20:30,18:23:00,18:27:30,18:29:30,18:32:30,18:34:30,18:36:30,18:38:30,18:40:00,18:42:00,18:44:00,18:46:00,18:47:30,18:49:30,18:51:30,18:53:30,18:56:30,18:58:30,19:00:00,19:01:30,19:03:00,19:05:00,19:06:30,19:08:30,19:10:30,19:13:00,19:14:30,19:17:00,19:18:30,19:20:00,19:22:00,19:23:30
검단호수공원,송도달빛축제공원,1237,18:24:30,18:26:30,18:29:00,18:33:30,18:35:30,18:38:30,18:40:30,18:42:30,18:44:30,18:46:00,18:48:00,18:50:00,18:52:00,18:53:30,18:55:30,18:57:30,18:59:30,19:02:30,19:04:30,19:06:00,19:07:30,19:09:00,19:11:00,19:12:30,19:14:30,19:16:30,19:19:00,19:20:30,19:23:00,19:24:30,19:26:00,19:28:00,19:29:30
검단호수공원,송도달빛축제공원,1239,18:30:30,18:32:30,18:35:00,18:39:30,18:41:30,18:44:30,18:46:30,18:48:30,18:50:30,18:52:00,18:54:00,18:56:00,18:58:00,18:59:30,19:01:30,19:03:30,19:05:30,19:08:30,19:10:30,19:12:00,19:13:30,19:15:00,19:17:00,19:18:30,19:20:30,19:22:30,19:25:00,19:26:30,19:29:00,19:30:30,19:32:00,19:34:00,19:35:30
검단호수공원,송도달빛축제공원,1241,18:38:30,18:40:30,18:43:00,18:47:30,18:49:30,18:52:30,18:54:30,18:56:30,18:58:30,19:00:00,19:02:00,19:04:00,19:06:00,19:07:30,19:09:30,19:11:30,19:13:30,19:16:30,19:18:30,19:20:00,19:21:30,19:23:00,19:25:00,19:26:30,19:28:30,19:30:30,19:33:00,19:34:30,19:37:00,19:38:30,19:40:00,19:42:00,19:43:30
검단호수공원,송도달빛축제공원,1243,18:47:00,18:49:00,18:51:30,18:56:00,18:58:00,19:01:00,19:03:00,19:05:00,19:07:00,19:08:30,19:10:30,19:12:30,19:14:30,19:16:00,19:18:00,19:20:00,19:22:00,19:25:00,19:27:00,19:28:30,19:30:00,19:31:30,19:33:30,19:35:00,19:37:00,19:39:00,19:41:30,19:43:00,19:45:30,19:47:00,19:48:30,19:50:30,19:52:00
검단호수공원,송도달빛축제공원,1245,18:55:30,18:57:30,19:00:00,19:04:30,19:06:30,19:09:30,19:11:30,19:13:30,19:15:30,19:17:00,19:19:00,19:21:00,19:23:00,19:24:30,19:26:30,19:28:30,19:30:30,19:33:30,19:35:30,19:37:00,19:38:30,19:40:00,19:42:00,19:43:30,19:45:30,19:47:30,19:50:00,19:51:30,19:54:00,19:55:30,19:57:00,19:59:00,20:00:30
검단호수공원,송도달빛축제공원,1247,19:04:00,19:06:00,19:08:30,19:13:00,19:15:00,19:18:00,19:20:00,19:22:00,19:24:00,19:25:30,19:27:30,19:29:30,19:31:30,19:33:00,19:35:00,19:37:00,19:39:00,19:42:00,19:44:00,19:45:30,19:47:00,19:48:30,19:50:30,19:52:00,19:54:00,19:56:00,19:58:30,20:00:00,20:02:30,20:04:00,20:05:30,20:07:30,20:09:00
검단호수공원,송도달빛축제공원,1249,19:12:30,19:14:30,19:17:00,19:21:30,19:23:30,19:26:30,19:28:30,19:30:30,19:32:30,19:34:00,19:36:00,19:38:00,19:40:00,19:41:30,19:43:30,19:45:30,19:47:30,19:50:30,19:52:30,19:54:00,19:55:30,19:57:00,19:59:00,20:00:30,20:02:30,20:04:30,20:07:00,20:08:30,20:11:00,20:12:30,20:14:00,20:16:00,20:17:30
검단호수공원,송도달빛축제공원,1251,19:21:00,19:23:00,19:25:30,19:30:00,19:32:00,19:35:00,19:37:00,19:39:00,19:41:00,19:42:30,19:44:30,19:46:30,19:48:30,19:50:00,19:52:00,19:54:00,19:56:00,19:59:00,20:01:00,20:02:30,20:04:00,20:05:30,20:07:30,20:09:00,20:11:00,20:13:00,20:15:30,20:17:00,20:19:30,20:21:00,20:22:30,20:24:30,20:26:00
검단호수공원,송도달빛축제공원,1253,19:29:30,19:31:30,19:34:00,19:38:30,19:40:30,19:43:30,19:45:30,19:47:30,19:49:30,19:51:00,19:53:00,19:55:00,19:57:00,19:58:30,20:00:30,20:02:30,20:04:30,20:07:30,20:09:30,20:11:00,20:12:30,20:14:00,20:16:00,20:17:30,20:19:30,20:21:30,20:24:00,20:25:30,20:28:00,20:29:30,20:31:00,20:33:00,20:34:30
검단호수공원,송도달빛축제공원,1255,19:38:00,19:40:00,19:42:30,19:47:00,19:49:00,19:52:00,19:54:00,19:56:00,19:58:00,19:59:30,20:01:30,20:03:30,20:05:30,20:07:00,20:09:00,20:11:00,20:13:00,20:16:00,20:18:00,20:19:30,20:21:00,20:22:30,20:24:30,20:26:00,20:28:00,20:30:00,20:32:30,20:34:00,20:36:30,20:38:00,20:39:30,20:41:30,20:43:00
검단호수공원,송도달빛축제공원,1257,19:46:30,19:48:30,19:51:00,19:55:30,19:57:30,20:00:30,20:02:30,20:04:30,20:06:30,20:08:00,20:10:00,20:12:00,20:14:00,20:15:30,20:17:30,20:19:30,20:21:30,20:24:30,20:26:30,20:28:00,20:29:30,20:31:00,20:33:00,20:34:30,20:36:30,20:38:30,20:41:00,20:42:30,20:45:00,20:46:30,20:48:00,20:50:00,20:51:30
검단호수공원,송도달빛축제공원,1259,19:55:00,19:57:00,19:59:30,20:04:00,20:06:00,20:09:00,20:11:00,20:13:00,20:15:00,20:16:30,20:18:30,20:20:30,20:22:30,20:24:00,20:26:00,20:28:00,20:30:00,20:33:00,20:35:00,20:36:30,20:38:00,20:39:30,20:41:30,20:43:00,20:45:00,20:47:00,20:49:30,20:51:00,20:53:30,20:55:00,20:56:30,20:58:30,21:00:00
검단호수공원,송도달빛축제공원,1261,20:03:30,20:05:30,20:08:00,20:12:30,20:14:30,20:17:30,20:19:30,20:21:30,20:23:30,20:25:00,20:27:00,20:29:00,20:31:00,20:32:30,20:34:30,20:36:30,20:38:30,20:41:30,20:43:30,20:45:00,20:46:30,20:48:00,20:50:00,20:51:30,20:53:30,20:55:30,20:58:00,20:59:30,21:02:00,21:03:30,21:05:00,21:07:00,21:08:30
검단호수공원,송도달빛축제공원,1263,20:13:30,20:15:30,20:18:00,20:22:30,20:24:30,20:27:30,20:29:30,20:31:30,20:33:30,20:35:00,20:37:00,20:39:00,20:41:00,20:42:30,20:44:30,20:46:30,20:48:30,20:51:30,20:53:30,20:55:00,20:56:30,20:58:00,21:00:00,21:01:30,21:03:30,21:05:30,21:08:00,21:09:30,21:12:00,21:13:30,21:15:00,21:17:00,21:18:30
검단호수공원,송도달빛축제공원,1265,20:24:00,20:26:00,20:28:30,20:33:00,20:35:00,20:38:00,20:40:00,20:42:00,20:44:00,20:45:30,20:47:30,20:49:30,20:51:30,20:53:00,20:55:00,20:57:00,20:59:00,21:02:00,21:04:00,21:05:30,21:07:00,21:08:30,21:10:30,21:12:00,21:14:00,21:16:00,21:18:30,21:20:00,21:22:30,21:24:00,21:25:30,21:27:30,21:29:00
검단호수공원,송도달빛축제공원,1267,20:34:30,20:36:30,20:39:00,20:43:30,20:45:30,20:48:30,20:50:30,20:52:30,20:54:30,20:56:00,20:58:00,21:00:00,21:02:00,21:03:30,21:05:30,21:07:30,21:09:30,21:12:30,21:14:30,21:16:00,21:17:30,21:19:00,21:21:00,21:22:30,21:24:30,21:26:30,21:29:00,21:30:30,21:33:00,21:34:30,21:36:00,21:38:00,21:39:30
검단호수공원,송도달빛축제공원,1269,20:45:00,20:47:00,20:49:30,20:54:00,20:56:00,20:59:00,21:01:00,21:03:00,21:05:00,21:06:30,21:08:30,21:10:30,21:12:30,21:14:00,21:16:00,21:18:00,21:20:00,21:23:00,21:25:00,21:26:30,21:28:00,21:29:30,21:31:30,21:33:00,21:35:00,21:37:00,21:39:30,21:41:00,21:43:30,21:45:00,21:46:30,21:48:30,21:50:00
검단호수공원,송도달빛축제공원,1271,20:55:30,20:57:30,21:00:00,21:04:30,21:06:30,21:09:30,21:11:30,21:13:30,21:15:30,21:17:00,21:19:00,21:21:00,21:23:00,21:24:30,21:26:30,21:28:30,21:30:30,21:33:30,21:35:30,21:37:00,21:38:30,21:40:00,21:42:00,21:43:30,21:45:30,21:47:30,21:50:00,21:51:30,21:54:00,21:55:30,21:57:00,21:59:00,22:00:30
검단호수공원,송도달빛축제공원,1273,21:06:00,21:08:00,21:10:30,21:15:00,21:17:00,21:20:00,21:22:00,21:24:00,21:26:00,21:27:30,21:29:30,21:31:30,21:33:30,21:35:00,21:37:00,21:39:00,21:41:00,21:44:00,21:46:00,21:47:30,21:49:00,21:50:30,21:52:30,21:54:00,21:56:00,21:58:00,22:00:30,22:02:00,22:04:30,22:06:00,22:07:30,22:09:30,22:11:00
검단호수공원,송도달빛축제공원,1275,21:16:30,21:18:30,21:21:00,21:25:30,21:27:30,21:30:30,21:32:30,21:34:30,21:36:30,21:38:00,21:40:00,21:42:00,21:44:00,21:45:30,21:47:30,21:49:30,21:51:30,21:54:30,21:56:30,21:58:00,21:59:30,22:01:00,22:03:00,22:04:30,22:06:30,22:08:30,22:11:00,22:12:30,22:15:00,22:16:30,22:18:00,22:20:00,22:21:30
검단호수공원,송도달빛축제공원,1277,21:27:30,21:29:30,21:32:00,21:36:30,21:38:30,21:41:30,21:43:30,21:45:30,21:47:30,21:49:00,21:51:00,21:53:00,21:55:00,21:56:30,21:58:30,22:00:30,22:02:30,22:05:30,22:07:30,22:09:00,22:10:30,22:12:00,22:14:00,22:15:30,22:17:30,22:19:30,22:22:00,22:23:30,22:26:00,22:27:30,22:29:00,22:31:00,22:32:30
검단호수공원,송도달빛축제공원,1279,21:38:30,21:40:30,21:43:00,21:47:30,21:49:30,21:52:30,21:54:30,21:56:30,21:58:30,22:00:00,22:02:00,22:04:00,22:06:00,22:07:30,22:09:30,22:11:30,22:13:30,22:16:30,22:18:30,22:20:00,22:21:30,22:23:00,22:25:00,22:26:30,22:28:30,22:30:30,22:33:00,22:34:30,22:37:00,22:38:30,22:40:00,22:42:00,22:43:30
검단호수공원,송도달빛축제공원,1281,21:49:30,21:51:30,21:54:00,21:58:30,22:00:30,22:03:30,22:05:30,22:07:30,22:09:30,22:11:00,22:13:00,22:15:00,22:17:00,22:18:30,22:20:30,22:22:30,22:24:30,22:27:30,22:29:30,22:31:00,22:32:30,22:34:00,22:36:00,22:37:30,22:39:30,22:41:30,22:44:00,22:45:30,22:48:00,22:49:30,22:51:00,22:53:00,22:54:30
검단호수공원,송도달빛축제공원,1283,22:00:30,22:02:30,22:05:00,22:09:30,22:11:30,22:14:30,22:16:30,22:18:30,22:20:30,22:22:00,22:24:00,22:26:00,22:28:00,22:29:30,22:31:30,22:33:30,22:35:30,22:38:30,22:40:30,22:42:00,22:43:30,22:45:00,22:47:00,22:48:30,22:50:30,22:52:30,22:55:00,22:56:30,22:59:00,23:00:30,23:02:00,23:04:00,23:05:30
검단호수공원,송도달빛축제공원,1285,22:11:30,22:13:30,22:16:00,22:20:30,22:22:30,22:25:30,22:27:30,22:29:30,22:31:30,22:33:00,22:35:00,22:37:00,22:39:00,22:40:30,22:42:30,22:44:30,22:46:30,22:49:30,22:51:30,22:53:00,22:54:30,22:56:00,22:58:00,22:59:30,23:01:30,23:03:30,23:06:00,23:07:30,23:10:00,23:11:30,23:13:00,23:15:00,23:16:30
검단호수공원,송도달빛축제공원,1287,22:22:30,22:24:30,22:27:00,22:31:30,22:33:30,22:36:30,22:38:30,22:40:30,22:42:30,22:44:00,22:46:00,22:48:00,22:50:00,22:51:30,22:53:30,22:55:30,22:57:30,23:00:30,23:02:30,23:04:00,23:05:30,23:07:00,23:09:00,23:10:30,23:12:30,23:14:30,23:17:00,23:18:30,23:21:00,23:22:30,23:24:00,23:26:00,23:27:30
검단호수공원,송도달빛축제공원,1289,22:33:30,22:35:30,22:38:00,22:42:30,22:44:30,22:47:30,22:49:30,22:51:30,22:53:30,22:55:00,22:57:00,22:59:00,23:01:00,23:02:30,23:04:30,23:06:30,23:08:30,23:11:30,23:13:30,23:15:00,23:16:30,23:18:00,23:20:00,23:21:30,23:23:30,23:25:30,23:28:00,23:29:30,23:32:00,23:33:30,23:35:00,23:37:00,23:38:30
검단호수공원,송도달빛축제공원,1291,22:44:30,22:46:30,22:49:00,22:53:30,22:55:30,22:58:30,23:00:30,23:02:30,23:04:30,23:06:00,23:08:00,23:10:00,23:12:00,23:13:30,23:15:30,23:17:30,23:19:30,23:22:30,23:24:30,23:26:00,23:27:30,23:29:00,23:31:00,23:32:30,23:34:30,23:36:30,23:39:00,23:40:30,23:43:00,23:44:30,23:46:00,23:48:00,23:49:30
검단호수공원,송도달빛축제공원,1293,22:56:30,22:58:30,23:01:00,23:05:30,23:07:30,23:10:30,23:12:30,23:14:30,23:16:30,23:18:00,23:20:00,23:22:00,23:24:00,23:25:30,23:27:30,23:29:30,23:31:30,23:34:30,23:36:30,23:38:00,23:39:30,23:41:00,23:43:00,23:44:30,23:46:30,23:48:30,23:51:00,23:52:30,23:55:00,23:56:30,23:58:00,00:00:00,00:01:30
검단호수공원,송도달빛축제공원,1295,23:08:30,23:10:30,23:13:00,23:17:30,23:19:30,23:22:30,23:24:30,23:26:30,23:28:30,23:30:00,23:32:00,23:34:00,23:36:00,23:37:30,23:39:30,23:41:30,23:43:30,23:46:30,23:48:30,23:50:00,23:51:30,23:53:00,23:55:00,23:56:30,23:58:30,00:00:30,00:03:00,00:04:30,00:07:00,00:08:30,00:10:00,00:12:00,00:13:30
검단호수공원,송도달빛축제공원,1297,23:21:00,23:23:00,23:25:30,23:30:00,23:32:00,23:35:00,23:37:00,23:39:00,23:41:00,23:42:30,23:44:30,23:46:30,23:48:30,23:50:00,23:52:00,23:54:00,23:56:00,23:59:00,00:01:00,00:02:30,00:04:00,00:05:30,00:07:30,00:09:00,00:11:00,00:13:00,00:15:30,00:17:00,00:19:30,00:21:00,00:22:30,00:24:30,00:26:00
검단호수공원,국제업무지구,1299,23:33:30,23:35:30,23:38:00,23:42:30,23:44:30,23:47:30,23:49:30,23:51:30,23:53:30,23:55:00,23:57:00,23:59:00,00:01:00,00:02:30,00:04:30,00:06:30,00:08:30,00:11:30,00:13:30,00:15:00,00:16:30,00:18:00,00:20:00,00:21:30,00:23:30,00:25:30,00:28:00,00:29:30,00:32:00,00:33:30,00:35:00,,
검단호수공원,송도달빛축제공원,1301,23:46:30,23:48:30,23:51:00,23:55:30,23:57:30,00:00:30,00:02:30,00:04:30,00:06:30,00:08:00,00:10:00,00:12:00,00:14:00,00:15:30,00:17:30,00:19:30,00:21:30,00:24:30,00:26:30,00:28:00,00:29:30,00:31:00,00:33:00,00:34:30,00:36:30,00:38:30,00:41:00,00:42:30,00:45:00,00:46:30,00:48:00,00:50:00,00:51:30
검단호수공원,국제업무지구,1303,23:58:00,00:00:00,00:02:30,00:07:00,00:09:00,00:12:00,00:14:00,00:16:00,00:18:00,00:19:30,00:21:30,00:23:30,00:25:30,00:27:00,00:29:00,00:31:00,00:33:00,00:36:00,00:38:00,00:39:30,00:41:00,00:42:30,00:44:30,00:46:00,00:48:00,00:50:00,00:52:30,00:54:00,00:56:30,00:58:00,00:59:30,,
검단호수공원,동막,1305,00:09:30,00:11:30,00:14:00,00:18:30,00:20:30,00:23:30,00:25:30,00:27:30,00:29:30,00:31:00,00:33:00,00:35:00,00:37:00,00:38:30,00:40:30,00:42:30,00:44:30,00:47:30,00:49:30,00:51:00,00:52:30,00:54:00,00:56:00,00:57:30,00:59:30,,,,,,,,
검단호수공원,예술회관,1307,00:21:30,00:23:30,00:26:00,00:30:30,00:32:30,00:35:30,00:37:30,00:39:30,00:41:30,00:43:00,00:45:00,00:47:00,00:49:00,00:50:30,00:52:30,00:54:30,00:56:30,00:59:30,,,,,,,,,,,,,,,
검단호수공원,작전,1309,00:30:30,00:32:30,00:35:00,00:39:30,00:41:30,00:44:30,00:46:30,00:48:30,00:50:30,,,,,,,,,,,,,,,,,,,,,,,,
